time_h,Q1_donor_ug_cm2,Q2_SC_ug_cm2,Q3_EP_ug_cm2,Q4_receptor_ug_cm2,Q_total_ug_cm2,formulation,model_case,C_receptor_model_ug_mL,C_receptor_model_ug_cm3
0.0,485.49943066800313,0.0,0.0,0.0,485.49943066800313,Free KC,Case 1,0.0,0.0
0.2,484.6580097766562,0.739619654170558,0.1018012370562855,3.7530615552216185e-11,485.4994306679206,Free KC,Case 1,1.2702669879211633e-11,1.2702669879211633e-11
0.4,484.2866167038173,0.8285484754835096,0.3842599002340902,5.58828736826465e-06,485.4994306678223,Free KC,Case 1,1.8914203400280356e-06,1.8914203400280356e-06
0.6000000000000001,483.95390193399487,0.8500916728771784,0.6951137844196812,0.0003232764399846,485.4994306677317,Free KC,Case 1,0.00010941664122555694,0.00010941664122555694
0.8,483.63065996654376,0.8602887137561287,1.0057828971203662,0.0026990902298418,485.4994306676501,Free KC,Case 1,0.0009135382316387632,0.0009135382316387632
1.0,483.3120653723944,0.8675773866162807,1.3095573372887803,0.0102305712646855,485.4994306675641,Free KC,Case 1,0.003462654889585862,0.003462654889585862
1.2000000000000002,482.9969070458402,0.8735982726025304,1.6030289357809189,0.0258964132035072,485.49943066742713,Free KC,Case 1,0.008764939853494745,0.008764939853494745
1.4,482.6846626316662,0.8788369303103121,1.8841524080463423,0.051778697431583,485.4994306674544,Free KC,Case 1,0.017525097592228093,0.017525097592228093
1.6,482.37500951837217,0.8835103340636096,2.151862456257317,0.0890483587889054,485.499430667482,Free KC,Case 1,0.03013944451316798,0.03013944451316798
1.8,482.0677134821853,0.8877418315832325,2.4057781413568438,0.1381972122645852,485.49943066739,Free KC,Case 1,0.0467744410741673,0.0467744410741673
2.0,481.7625904863783,0.8916100242969847,2.6459607127640687,0.1992694438433345,485.4994306672827,Free KC,Case 1,0.06744504253159014,0.06744504253159014
2.2,481.459488543413,0.8951682789472722,2.872740431680518,0.2720334131108794,485.49943066715167,Free KC,Case 1,0.09207284751445151,0.09207284751445151
2.4000000000000004,481.1582775110486,0.8984545961348287,3.08660213993771,0.3560964199814845,485.4994306671027,Free KC,Case 1,0.12052494214757938,0.12052494214757938
2.6,480.8588428614841,0.9014972684783225,3.2881121699603564,0.4509783670452538,485.499430666968,Free KC,Case 1,0.152638831923009,0.152638831923009
2.8000000000000003,480.5610817570655,0.9043182799695184,3.477873063891537,0.5561575659692569,485.4994306668958,Free KC,Case 1,0.1882379454049793,0.1882379454049793
3.0,480.2649004814245,0.906935430458256,3.656495678822736,0.6710990761345685,485.49943066684006,Free KC,Case 1,0.22714122576862322,0.22714122576862322
3.2,479.97021273884,0.909363662942596,3.8245825844890726,0.7952716804656205,485.4994306667373,Free KC,Case 1,0.269168876465287,0.269168876465287
3.4000000000000004,479.6769384847619,0.911615911865277,3.982718353600716,0.9281579164251144,485.499430666653,Free KC,Case 1,0.3141457563285002,0.3141457563285002
3.6,479.3850031048401,0.9137036421778996,4.131464283235133,1.0692596362953868,485.4994306665485,Free KC,Case 1,0.36190326151536173,0.36190326151536173
3.8,479.0943368085693,0.9156372031253424,4.271355727880458,1.2181009269187666,485.49943066649394,Free KC,Case 1,0.4122803137263518,0.4122803137263518
4.0,478.8048741663509,0.9174260609673242,4.402901092149866,1.3742293469222626,485.4994306663904,Free KC,Case 1,0.4651237789583043,0.4651237789583043
4.2,478.516553744681,0.9190789532797904,4.526581853406176,1.537216114875795,485.49943066624274,Free KC,Case 1,0.5202885311887306,0.5202885311887306
4.4,478.22931780114095,0.920603998246258,4.64285312417774,1.7066557425860591,485.499430666151,Free KC,Case 1,0.577637328259897,0.577637328259897
4.6000000000000005,477.9431120228113,0.9220087732006632,4.752144554747919,1.8821653153112552,485.4994306660712,Free KC,Case 1,0.6370405682591941,0.6370405682591941
4.800000000000001,477.6578853013313,0.9233003700644776,4.854861450284444,2.063383544302968,485.4994306659831,Free KC,Case 1,0.6983759688410045,0.6983759688410045
5.0,477.3735895280279,0.9244854403603026,4.951385938007656,2.2499697594643666,485.4994306658602,Free KC,Case 1,0.7615282262802473,0.7615282262802473
5.2,477.0901794089488,0.9255702310522188,5.042078155956952,2.4416028697936256,485.4994306657516,Free KC,Case 1,0.826388663622458,0.826388663622458
5.4,476.8076122919465,0.9265606154063988,5.127277435773084,2.6379803225556917,485.4994306656816,Free KC,Case 1,0.8928548784034649,0.8928548784034649
5.6000000000000005,476.52584800909074,0.927462118251602,5.207303461383016,2.83881707693171,485.499430665657,Free KC,Case 1,0.9608303952691942,0.9608303952691942
5.800000000000001,476.2448487304652,0.9282799381909737,5.282457376987252,3.0438446199464,485.4994306655898,Free KC,Case 1,1.0302243329049354,1.0302243329049354
6.0,475.9645788267198,0.9290189682492684,5.353022838013664,3.2528100324767677,485.4994306654595,Free KC,Case 1,1.1009510879152138,1.1009510879152138
6.2,475.6850047393629,0.9296838150520512,5.419267010592636,3.465475100389699,485.4994306653973,Free KC,Case 1,1.172930033978052,1.172930033978052
6.4,475.40609486265794,0.9302788154814268,5.481441499638295,3.681615487611948,485.4994306653896,Free KC,Case 1,1.2460852419609671,1.2460852419609671
6.6000000000000005,475.1278194198525,0.9308080546791132,5.539783310708453,3.901019880105845,485.4994306653458,Free KC,Case 1,1.3203451901896708,1.3203451901896708
6.800000000000001,474.8501503688172,0.9312753783593504,5.59451562427147,4.12348929384878,485.4994306652968,Free KC,Case 1,1.395642530225741,1.395642530225741
7.0,474.5730612867994,0.9316844096221985,5.645848686815549,4.348836281954975,485.49943066519216,Free KC,Case 1,1.4719138185078378,1.4719138185078378
7.2,474.29652728680793,0.9320385597243742,5.693980500508474,4.57688431800784,485.49943066504864,Free KC,Case 1,1.549099307633423,1.549099307633423
7.4,474.020524931383,0.9323410404837912,5.739097495989259,4.807467197040794,485.49943066489686,Free KC,Case 1,1.6271427436138075,1.6271427436138075
7.6,473.7450321339629,0.9325948778104024,5.781375320925227,5.040428332084781,485.49943066478335,Free KC,Case 1,1.7059911277825415,1.7059911277825415
7.800000000000001,473.47002809523934,0.9328029206006307,5.8209793435415,5.275620305324732,485.4994306647062,Free KC,Case 1,1.7855945648791403,1.7855945648791403
8.0,473.195493222948,0.9329678517063528,5.858065295374839,5.5129042946333575,485.4994306646625,Free KC,Case 1,1.8659060689528286,1.8659060689528286
8.200000000000001,472.9214090540309,0.9330921987317424,5.89277988994443,5.752149521913711,485.4994306646208,Free KC,Case 1,1.9468813766477178,1.9468813766477178
8.4,472.6477582013459,0.9331783411932189,5.925261253410206,5.99323286860822,485.4994306645576,Free KC,Case 1,2.0284788170673975,2.0284788170673975
8.6,472.37452428000046,0.9332285208053392,5.955639508438107,6.236038355207133,485.49943066445104,Free KC,Case 1,2.1106591356085684,2.1106591356085684
8.8,472.10169185171503,0.9332448490020282,5.984037222515296,6.480456741084709,485.49943066431706,Free KC,Case 1,2.193385358520979,2.193385358520979
9.0,471.8292463808976,0.933229313069263,6.010569755750122,6.72638521445831,485.49943066417535,Free KC,Case 1,2.276622687970505,2.276622687970505
9.2,471.5571741593208,0.9331837864466994,6.035345864219896,6.973726854085915,485.4994306640733,Free KC,Case 1,2.3603383198444634,2.3603383198444634
9.4,471.2854622859113,0.9331100315917455,6.058467857821931,7.222390488661647,485.4994306639866,Free KC,Case 1,2.444501396162404,2.444501396162404
9.6,471.014098595424,0.9330097097348232,6.080032172586011,7.472290186180821,485.4994306639257,Free KC,Case 1,2.5290828322458165,2.5290828322458165
9.8,470.7430716320333,0.9328843845628858,6.100129579754331,7.723345067554662,485.4994306639052,Free KC,Case 1,2.614055253633886,2.614055253633886
10.0,470.4723706003215,0.932735528910938,6.1188455779218645,7.975478956740113,485.4994306638944,Free KC,Case 1,2.6993928776658844,2.6993928776658844
10.2,470.2019853247346,0.9325645303625456,6.136260716455107,8.228620092294602,485.4994306638469,Free KC,Case 1,2.7850714158535577,2.7850714158535577
10.4,469.9319062261495,0.932372694452713,6.152450783948322,8.482700959216645,485.4994306637672,Free KC,Case 1,2.871068016965634,2.871068016965634
10.6,469.6621242637133,0.9321612526818636,6.167487271329789,8.737657875910863,485.4994306636359,Free KC,Case 1,2.9573611272313687,2.9573611272313687
10.8,469.3926309328247,0.931931362801957,6.181437388697873,8.993430979164549,485.4994306634891,Free KC,Case 1,3.0439304852556934,3.0439304852556934
11.0,469.12341820332415,0.9316841172965574,6.194364558809891,9.249963783934994,485.4994306633656,Free KC,Case 1,3.1307569730241522,3.1307569730241522
11.2,468.8544785223068,0.931420543009946,6.206328393509657,9.5072032044244,485.4994306632508,Free KC,Case 1,3.217822623035951,3.217822623035951
11.4,468.58580475858,0.9311416087836286,6.21738513840502,9.765099157399591,485.4994306631682,Free KC,Case 1,3.305110484042939,3.305110484042939
11.6,468.3173902025682,0.9308482254782566,6.227587672662379,10.023604562408844,485.49943066311766,Free KC,Case 1,3.3926046211229934,3.3926046211229934
11.8,468.04922852121285,0.9305412521652348,6.23698586953718,10.282675020172428,485.4994306630877,Free KC,Case 1,3.4802900068275915,3.4802900068275915
12.0,467.7813137524772,0.9302214968819956,6.245626640292874,10.54226877340757,485.4994306630596,Free KC,Case 1,3.5681525079225627,3.5681525079225627
12.2,467.5136402706788,0.9298897214130338,6.253554210878377,10.802346460044705,485.4994306630148,Free KC,Case 1,3.656178801861285,3.656178801861285
12.4,467.2462027766939,0.929546642633306,6.260810200540858,11.062871043089205,485.49943066295725,Free KC,Case 1,3.744356353045577,3.744356353045577
12.6,466.9789962733881,0.9291929358727672,6.267433817664472,11.323807635953017,485.4994306628784,Free KC,Case 1,3.832673353707175,3.832673353707175
12.8,466.7120160494611,0.9288292371435444,6.273461989045696,11.585123387132793,485.4994306627832,Free KC,Case 1,3.9211186848757147,3.9211186848757147
13.0,466.44525766043273,0.9284561457743772,6.2789295114268935,11.846787345046456,485.4994306626804,Free KC,Case 1,4.009681870631109,4.009681870631109
13.2,466.1787169207735,0.9280742254922364,6.283869114228271,12.108770402081278,485.4994306625753,Free KC,Case 1,4.098353059165971,4.098353059165971
13.4,465.9123898756556,0.9276840082841272,6.28831168547278,12.371045093069943,485.4994306624824,Free KC,Case 1,4.18712295457752,4.18712295457752
13.6,465.6462728053477,0.9272859937969808,6.29228623637373,12.63358562688984,485.4994306624083,Free KC,Case 1,4.275982827562715,4.275982827562715
13.8,465.3803621912925,0.9268806540210742,6.295820172218993,12.896367644823965,485.4994306623566,Free KC,Case 1,4.364924433632726,4.364924433632726
14.0,465.1146547254914,0.926468431989798,6.298939217223148,13.15936828759425,485.4994306622986,Free KC,Case 1,4.453940035801131,4.453940035801131
14.2,464.8491472773644,0.9260497463351124,6.301667679450331,13.422565959062204,485.499430662212,Free KC,Case 1,4.543022324605669,4.543022324605669
14.4,464.5838369035434,0.925624989947369,6.30402837307325,13.685940395559037,485.4994306621231,Free KC,Case 1,4.632164441573829,4.632164441573829
14.6,464.3187208173812,0.9251945341647024,6.30604286103342,13.94947244944763,485.4994306620269,Free KC,Case 1,4.7213599059668905,4.7213599059668905
14.8,464.05379639887855,0.9247587274093836,6.307731376209485,14.213144159436336,485.4994306619337,Free KC,Case 1,4.810602638578453,4.810602638578453
15.0,463.7890611662447,0.9243178991004972,6.309113048539306,14.47693854798627,485.4994306618708,Free KC,Case 1,4.899886893164584,4.899886893164584
15.2,463.524512788256,0.9238723579473144,6.310205805620904,14.740839709982078,485.49943066180623,Free KC,Case 1,4.989207286455473,4.989207286455473
15.4,463.2601490532395,0.9234223962238504,6.311026621248306,15.004832591033493,485.4994306617451,Free KC,Case 1,5.078558723119029,5.078558723119029
15.6,462.9959678784689,0.9229682884730526,6.311591439965113,15.26890305477708,485.4994306616841,Free KC,Case 1,5.167936418539936,5.167936418539936
15.8,462.7319672996858,0.9225102929491644,6.311915260830877,15.533037808157216,485.499430661623,Free KC,Case 1,5.257335873530135,5.257335873530135
16.0,462.46814545365305,0.9220486540158837,6.312012276596114,15.7972242772843,485.49943066154935,Free KC,Case 1,5.346752832311609,5.346752832311609
16.2,462.2045005929312,0.9215836001184008,6.311895755961635,16.061450712456143,485.4994306614673,Free KC,Case 1,5.4361833180620796,5.4361833180620796
16.400000000000002,461.9410310544782,0.9211153480980117,6.311578294065234,16.32570596473022,485.4994306613716,Free KC,Case 1,5.525623557293305,5.525623557293305
16.6,461.67773527616407,0.9206441009208598,6.311071680866431,16.589979603320018,485.4994306612714,Free KC,Case 1,5.615070019585237,5.615070019585237
16.8,461.4146117782389,0.9201700502286608,6.310387048995024,16.85426178371769,485.4994306611802,Free KC,Case 1,5.704519372950603,5.704519372950603
17.0,461.15165916103183,0.91969337665618,6.30953489203284,17.118543231386816,485.4994306611077,Free KC,Case 1,5.793968478315539,5.793968478315539
17.2,460.8888761063957,0.9192142496334804,6.308525052829279,17.38281525218434,485.4994306610428,Free KC,Case 1,5.883414393047008,5.883414393047008
17.400000000000002,460.6262613610231,0.9187328296773356,6.307366857085247,17.647069613206224,485.49943066099183,Free KC,Case 1,5.972854330623646,5.972854330623646
17.6,460.363813747486,0.9182492668549174,6.306069024971462,17.911298621625278,485.49943066093766,Free KC,Case 1,6.062285687319325,6.062285687319325
17.8,460.1015321448422,0.9177637034776474,6.304639825964549,18.17549498657593,485.4994306608604,Free KC,Case 1,6.151705995456469,6.151705995456469
18.0,459.8394154973228,0.917276272922877,6.3030870096425895,18.4396518808835,485.4994306607717,Free KC,Case 1,6.241112944299031,6.241112944299031
18.2,459.5774628053044,0.9167871008630974,6.3014178776925895,18.703762876835388,485.49943066069545,Free KC,Case 1,6.330504358313517,6.330504358313517
18.4,459.3156731164577,0.9162963064589332,6.299639354473787,18.96782188324173,485.4994306606322,Free KC,Case 1,6.419878175866431,6.419878175866431
18.6,459.0540455390392,0.915804000432178,6.297757881717769,19.23182323937032,485.4994306605595,Free KC,Case 1,6.509232481017648,6.509232481017648
18.8,458.7925792200235,0.9153102882355452,6.295779592183745,19.49576156003466,485.4994306604775,Free KC,Case 1,6.598565451088654,6.598565451088654
19.0,458.5312733505389,0.9148152692688448,6.29371026636062,19.75963177421768,485.49943066038605,Free KC,Case 1,6.687875369735215,6.687875369735215
19.200000000000003,458.2701271731051,0.9143190363000916,6.2915552715624,20.02342917935608,485.4994306603237,Free KC,Case 1,6.77716064532052,6.77716064532052
19.4,458.0091399590016,0.9138216778778274,6.289319747876299,20.287149275547687,485.4994306603034,Free KC,Case 1,6.866419754800756,6.866419754800756
19.6,457.74831102097977,0.9133232766949624,6.287008505893662,20.5507878567625,485.49943066033086,Free KC,Case 1,6.955651274596539,6.955651274596539
19.8,457.4876397118077,0.9128239092223897,6.284626042656902,20.814340996674783,485.4994306603617,Free KC,Case 1,7.044853875797619,7.044853875797619
20.0,457.2271254097132,0.9123236489631122,6.282176648292502,21.07780495342348,485.4994306603923,Free KC,Case 1,7.134026291927948,7.134026291927948
20.200000000000003,456.96676752857553,0.9118225649470728,6.279664324866611,21.34117624200121,485.4994306603904,Free KC,Case 1,7.223167343446564,7.223167343446564
20.4,456.7065655112424,0.9113207223892382,6.277092842040511,21.604451584636998,485.49943066030914,Free KC,Case 1,7.312275920954061,7.312275920954061
20.6,456.44651882486704,0.9108181827980484,6.2744657787002165,21.86762787371677,485.4994306600821,Free KC,Case 1,7.4013509726426,7.4013509726426
20.8,456.1866269679229,0.9103150036621812,6.271786463374828,22.13070222486817,485.4994306598281,Free KC,Case 1,7.4903915222630735,7.4903915222630735
21.0,455.9268894587981,0.909811239964242,6.2690580632559705,22.393671897556302,485.4994306595746,Free KC,Case 1,7.579396642249827,7.579396642249827
21.200000000000003,455.6673058393508,0.90930694334685,6.266283559756444,22.656534316922,485.49943065937606,Free KC,Case 1,7.668365461112061,7.668365461112061
21.4,455.40787567991816,0.9088021594951916,6.263465722702725,22.919287096989223,485.4994306591053,Free KC,Case 1,7.757297171288661,7.757297171288661
21.6,455.14859856265326,0.9082969343881352,6.260607214106378,23.181927947717245,485.499430658865,Free KC,Case 1,7.846190997688914,7.846190997688914
21.8,454.8894740902076,0.9077913102638576,6.257710539866313,23.444454718357974,485.4994306586957,Free KC,Case 1,7.9350462123673156,7.9350462123673156
22.0,454.6305018901903,0.907285328174244,6.2547779874067695,23.7068654527716,485.4994306585429,Free KC,Case 1,8.023862153245773,8.023862153245773
22.200000000000003,454.3716815990938,0.906779025913248,6.251811791397514,23.969158242027294,485.49943065843183,Free KC,Case 1,8.112638174224625,8.112638174224625
22.4,454.11301287021286,0.9062724397013786,6.248814046295131,24.23133130214278,485.49943065835214,Free KC,Case 1,8.201373671494482,8.201373671494482
22.6,453.8544953785881,0.9057656021727984,6.2457866786897736,24.49338299887467,485.49943065832537,Free KC,Case 1,8.29006809192681,8.29006809192681
22.8,453.5961288096161,0.90525854486317,6.242731529961941,24.755311773907657,485.4994306583488,Free KC,Case 1,8.378720908091823,8.378720908091823
23.0,453.3379128596758,0.9047512979593432,6.239650352755752,25.0171161480149,485.4994306584058,Free KC,Case 1,8.467331619328121,8.467331619328121
23.200000000000003,453.07984724147616,0.9042438892786052,6.2365447707228565,25.27879475699807,485.4994306584757,Free KC,Case 1,8.555899763907039,8.555899763907039
23.4,452.8219316804328,0.9037363448798011,6.233416306476554,25.540346326739886,485.4994306585291,Free KC,Case 1,8.644424910588885,8.644424910588885
23.6,452.5641659094874,0.903228689776313,6.230266423072658,25.801769636195512,485.4994306585319,Free KC,Case 1,8.732906646096943,8.732906646096943
23.8,452.30654967321874,0.9027209473975878,6.227096490971757,26.06306354686665,485.49943065845474,Free KC,Case 1,8.821344585093328,8.821344585093328
24.0,452.04908272820586,0.9022131397369044,6.22390778444347,26.324227005976955,485.4994306583632,Free KC,Case 1,8.90973837125374,8.90973837125374
0.0,863.8229488539494,0.0,0.0,0.0,863.8229488539494,KLZ-NPs,Case 2,0.0,0.0
0.2,861.9621146916538,1.6963511335554744,0.164483028600494,1.198575057961949e-12,863.822948853811,KLZ-NPs,Case 2,4.056715580794289e-13,4.056715580794289e-13
0.4,861.1684556078537,2.010846914369049,0.6436449135941293,1.4178438519251196e-06,863.8229488536607,KLZ-NPs,Case 2,4.798856114208097e-07,4.798856114208097e-07
0.6000000000000001,860.5042381378049,2.143087185791118,1.1754712422321745,0.0001522877116626,863.82294885354,KLZ-NPs,Case 2,5.154353317811078e-05,5.154353317811078e-05
0.8,859.8933896470976,2.224191153788868,1.7036435811140462,0.0017244713861703,863.8229488533867,KLZ-NPs,Case 2,0.0005836672383961016,0.0005836672383961016
1.0,859.3153542133465,2.2839937044945,2.215762064371956,0.0078388710499275,863.8229488532628,KLZ-NPs,Case 2,0.0026531563553600776,0.0026531563553600776
1.2000000000000002,858.7617084874456,2.3320593887583234,2.706806629695558,0.0223743471696601,863.8229488530692,KLZ-NPs,Case 2,0.007572855965115727,0.007572855965115727
1.4,858.2278305193317,2.3724981846929727,3.1739340384288446,0.0486861104475991,863.8229488529012,KLZ-NPs,Case 2,0.016478375843802774,0.016478375843802774
1.6,857.710713596135,2.407482419181968,3.615645785455792,0.0891070520492979,863.8229488528219,KLZ-NPs,Case 2,0.030159309924377757,0.030159309924377757
1.8,857.2082015408823,2.438320836826442,4.031446258869134,0.1449802160537414,863.8229488526316,KLZ-NPs,Case 2,0.04907022697203555,0.04907022697203555
2.0,856.7186504755998,2.465869064449799,4.421555104075446,0.2168742081592976,863.8229488522843,KLZ-NPs,Case 2,0.07340357814622381,0.07340357814622381
2.2,856.2407518674456,2.490717611369837,4.786668655682454,0.3048107177603394,863.8229488522583,KLZ-NPs,Case 2,0.10316670447273027,0.10316670447273027
2.4000000000000004,855.7734290561984,2.5132906009272293,5.127779768482538,0.4084494266689108,863.8229488522771,KLZ-NPs,Case 2,0.1382444213340929,0.1382444213340929
2.6,855.3157723061812,2.533902900256011,5.446050018050596,0.5272236272454913,863.8229488517334,KLZ-NPs,Case 2,0.17844491999078171,0.17844491999078171
2.8000000000000003,854.866996127936,2.552795415496473,5.742722578237487,0.6604347308369696,863.8229488525069,KLZ-NPs,Case 2,0.22353175505251283,0.22353175505251283
3.0,854.4264103130032,2.5701578239797334,6.019064616139575,0.8073160992440992,863.8229488523665,KLZ-NPs,Case 2,0.2732454489749259,0.2732454489749259
3.2,853.9934000407261,2.586143574452277,6.276329637046677,0.96707560008124,863.8229488523064,KLZ-NPs,Case 2,0.32731789541211204,0.32731789541211204
3.4000000000000004,853.567411449799,2.600880006233076,6.515735036119843,1.138922359940076,863.822948852092,KLZ-NPs,Case 2,0.38548141413356424,0.38548141413356424
3.6,853.1479415067369,2.61447523687998,6.738447687740938,1.3220844205892937,863.8229488519471,KLZ-NPs,Case 2,0.44747472696868407,0.44747472696868407
3.8,852.7345304367286,2.6270228645873583,6.94557659602709,1.5158189544698306,863.822948851813,KLZ-NPs,Case 2,0.5130464153590196,0.5130464153590196
4.0,852.3267559333436,2.6386052990818847,7.138169380223493,1.7194182389354054,863.8229488515844,KLZ-NPs,Case 2,0.5819569424089065,0.5819569424089065
4.2,851.924228760244,2.6492960497765368,7.317211550099063,1.932212491242985,863.8229488513626,KLZ-NPs,Case 2,0.6539796124207027,0.6539796124207027
4.4,851.5265892513717,2.659161364188249,7.483627405464722,2.1535708301635097,863.8229488511881,KLZ-NPs,Case 2,0.7289008963630341,0.7289008963630341
4.6000000000000005,851.1335043524675,2.668261474471859,7.638281922563925,2.382901101545753,863.822948851049,KLZ-NPs,Case 2,0.8065203728308703,0.8065203728308703
4.800000000000001,850.7446652562087,2.6766514565503337,7.781983379084759,2.61964875908213,863.8229488509259,KLZ-NPs,Case 2,0.886650349227798,0.886650349227798
5.0,850.3597853593799,2.684381896155592,7.915486242350345,2.8632953528249385,863.8229488507108,KLZ-NPs,Case 2,0.9691153501869023,0.9691153501869023
5.2,849.9785984324791,2.691499437957713,8.039494147625796,3.1133568325913075,863.8229488506539,KLZ-NPs,Case 2,1.0537515433385964,1.0537515433385964
5.4,849.6008570307147,2.6980472035159835,8.154662957618767,3.36938165875962,863.822948850609,KLZ-NPs,Case 2,1.1404060998878713,1.1404060998878713
5.6000000000000005,849.2263310978046,2.7040651192549903,8.261603775866407,3.6309488576094218,863.8229488505355,KLZ-NPs,Case 2,1.2289365364216507,1.2289365364216507
5.800000000000001,848.8548066860071,2.709590202910605,8.360885822897465,3.897666138494525,863.8229488503097,KLZ-NPs,Case 2,1.3192100776443008,1.3192100776443008
6.0,848.4860847778289,2.714656816140648,8.453039176225333,4.169168079865596,863.8229488500605,KLZ-NPs,Case 2,1.411103042416048,1.411103042416048
6.2,848.1199802184957,2.719296878207732,8.538557374023002,4.445114379140763,863.8229488498672,KLZ-NPs,Case 2,1.5045002514014891,1.5045002514014891
6.4,847.7563207198348,2.723540058702366,8.61789990028616,4.725188170954696,863.822948849778,KLZ-NPs,Case 2,1.5992944578615895,1.5992944578615895
6.6000000000000005,847.3949459346409,2.727413950385294,8.691494544509982,5.009094420156161,863.8229488496924,KLZ-NPs,Case 2,1.6953858037451621,1.6953858037451621
6.800000000000001,847.0357066626459,2.7309442072897383,8.759739509723808,5.296558469816037,863.8229488494756,KLZ-NPs,Case 2,1.792681328245428,1.792681328245428
7.0,846.6784640586416,2.7341546913518555,8.82300544293012,5.587324656336524,863.82294884926,KLZ-NPs,Case 2,1.8910944990677467,1.8910944990677467
7.2,846.3230889044789,2.7370676029080867,8.881637334456503,5.88115500729445,863.8229488491379,KLZ-NPs,Case 2,1.9905447716996603,1.9905447716996603
7.4,845.9694609412106,2.739703598267376,8.935956278751453,6.177828030858023,863.8229488490874,KLZ-NPs,Case 2,2.0909571796750233,2.0909571796750233
7.6,845.6174682499063,2.74208189789856,8.986261114152239,6.477137587104765,863.8229488490618,KLZ-NPs,Case 2,2.192261952558536,2.192261952558536
7.800000000000001,845.2670066370943,2.744220393777303,9.032830050216235,6.778891767880991,863.8229488489687,KLZ-NPs,Case 2,2.2943941368212584,2.2943941368212584
8.0,844.9179791610525,2.746135729728058,9.075921942407264,7.0829120156379215,863.8229488488257,KLZ-NPs,Case 2,2.3972932976005277,2.3972932976005277
8.200000000000001,844.5702955359635,2.74784340638608,9.11577786216531,7.389032044105487,863.8229488486204,KLZ-NPs,Case 2,2.500903153389549,2.500903153389549
8.4,844.2238717567059,2.749357843346994,9.15262211854436,7.697097129807766,863.822948848405,KLZ-NPs,Case 2,2.6051713362426288,2.6051713362426288
8.6,843.8786296668289,2.750692454839658,9.18666340024739,8.006963326306764,863.8229488482227,KLZ-NPs,Case 2,2.710049125826905,2.710049125826905
8.8,843.5344964785239,2.751859732612909,9.21809605467996,8.318496582300767,863.8229488481176,KLZ-NPs,Case 2,2.8154911509325675,2.8154911509325675
9.0,843.1914044713711,2.75287129870695,9.24710088408203,8.631572193880373,863.8229488480405,KLZ-NPs,Case 2,2.921455204082588,2.921455204082588
9.2,842.8492906235437,2.7537379676592764,9.273846140738804,8.946074116037249,863.822948847979,KLZ-NPs,Case 2,3.027902008504915,3.027902008504915
9.4,842.5080962347942,2.754469812324999,9.298488525288052,9.261894275470365,863.8229488478776,KLZ-NPs,Case 2,3.1347949855438157,3.1347949855438157
9.6,842.1677666970357,2.7550762025091373,9.321173806348376,9.578932141830792,863.8229488477241,KLZ-NPs,Case 2,3.24210010954273,3.24210010954273
9.8,841.8282511868842,2.755565857865766,9.342037641271876,9.89709416151718,863.8229488475391,KLZ-NPs,Case 2,3.349785716205815,3.349785716205815
10.0,841.4895023657019,2.755946899429803,9.361206377477204,10.216293204771686,863.8229488473805,KLZ-NPs,Case 2,3.4578223154611862,3.4578223154611862
10.2,841.1514762038189,2.756226879804386,9.37879752188616,10.536448241780144,863.8229488472896,KLZ-NPs,Case 2,3.56618248183328,3.56618248183328
10.4,840.8141317113055,2.7564128295159422,9.394920459228764,10.857483847176669,863.8229488472269,KLZ-NPs,Case 2,3.674840686736719,3.674840686736719
10.6,840.4774307196149,2.756511294531345,9.409677035382655,11.1793297975745,863.8229488471034,KLZ-NPs,Case 2,3.783773162255985,3.783773162255985
10.8,840.1413377209407,2.7565283639407894,9.423161986356543,11.50192077572354,863.8229488469615,KLZ-NPs,Case 2,3.8929578010141217,3.8929578010141217
11.0,839.8058196525769,2.756469706997518,9.435463514337249,11.82519597286601,863.8229488467778,KLZ-NPs,Case 2,4.002374021585419,4.002374021585419
11.2,839.4708457376886,2.7563406004373143,9.446663713460332,12.149098794980889,863.8229488465671,KLZ-NPs,Case 2,4.112002669070455,4.112002669070455
11.4,839.1363873475618,2.7561459517382163,9.456838939611522,12.473576607425024,863.8229488463365,KLZ-NPs,Case 2,4.221825928666932,4.221825928666932
11.6,838.8024177972002,2.755890334759292,9.466060354389372,12.79858035977042,863.8229488461193,KLZ-NPs,Case 2,4.331827198691527,4.331827198691527
11.8,838.4689122792932,2.755578000988404,9.4743941022303,13.124064463416763,863.8229488459287,KLZ-NPs,Case 2,4.441991049156443,4.441991049156443
12.0,838.1358476756265,2.7552129116317645,9.481901814850533,13.449986443643263,863.8229488457521,KLZ-NPs,Case 2,4.552303104002336,4.552303104002336
12.2,837.8032024786442,2.754798751205473,9.48864082027204,13.776306795390877,863.8229488455125,KLZ-NPs,Case 2,4.662749992286143,4.662749992286143
12.4,837.4709566746183,2.7543389478368057,9.49466445496689,14.10298876783874,863.8229488452607,KLZ-NPs,Case 2,4.773319275268497,4.773319275268497
12.6,837.139091611864,2.753836695718956,9.500022416005947,14.429998121466054,863.822948845055,KLZ-NPs,Case 2,4.883999364188511,4.883999364188511
12.8,836.8075899596424,2.753294962161996,9.504760870784107,14.7573030522818,863.8229488448704,KLZ-NPs,Case 2,4.994779494618456,4.994779494618456
13.0,836.4764355485787,2.752716515071861,9.508922883441452,15.084873897640737,863.8229488447327,KLZ-NPs,Case 2,5.105649626893788,5.105649626893788
13.2,836.1456133595441,2.7521039247203407,9.512548445041736,15.412683115295328,863.8229488446015,KLZ-NPs,Case 2,5.2166004390230345,5.2166004390230345
13.4,835.8151093851553,2.751459587662353,9.515674843172327,15.740705028470968,863.8229488444609,KLZ-NPs,Case 2,5.327623240405559,5.327623240405559
13.6,835.4849106087786,2.750785730304758,9.518336718442749,16.068915786830935,863.822948844357,KLZ-NPs,Case 2,5.438709958619701,5.438709958619701
13.8,835.1550048776616,2.750084430653948,9.520566403184962,16.39729313276799,863.8229488442685,KLZ-NPs,Case 2,5.549853060321474,5.549853060321474
14.0,834.8253809159526,2.749357616136799,9.522393886368116,16.725816425685462,863.822948844143,KLZ-NPs,Case 2,5.661045559462773,5.661045559462773
14.2,834.4960281790175,2.7486070885947336,9.523847203498123,17.054466372860826,863.8229488439712,KLZ-NPs,Case 2,5.772280926199049,5.772280926199049
14.4,834.1669368990757,2.7478345165163165,9.524952314422404,17.383225113812816,863.8229488438272,KLZ-NPs,Case 2,5.883553115444339,5.883553115444339
14.6,833.83809793361,2.747041460976281,9.525733508209688,17.712075940935858,863.8229488437319,KLZ-NPs,Case 2,5.994856472316753,5.994856472316753
14.8,833.5095028161159,2.746229366853006,9.526213267528608,18.04100339309708,863.8229488435945,KLZ-NPs,Case 2,6.106185763817473,6.106185763817473
15.0,833.1811436231425,2.745399585836963,9.526412624094275,18.36999301032204,863.8229488433957,KLZ-NPs,Case 2,6.217536095801306,6.217536095801306
15.2,832.853013013534,2.7445533697737363,9.526351053819404,18.69903140603947,863.8229488431666,KLZ-NPs,Case 2,6.328902937428745,6.328902937428745
15.4,832.5251041173868,2.743691889474933,9.526046773441358,19.0281060625828,863.8229488428859,KLZ-NPs,Case 2,6.440282051951102,6.440282051951102
15.6,832.1974105691704,2.7428162287618334,9.525516652777338,19.357205391878036,863.8229488425876,KLZ-NPs,Case 2,6.551669517251028,6.551669517251028
15.8,831.8699264097344,2.741927401870286,9.524776475620552,19.68631855508992,863.8229488423151,KLZ-NPs,Case 2,6.663061664799665,6.663061664799665
16.0,831.5426461256773,2.741026347470257,9.523840833160598,20.015435535797785,863.8229488421059,KLZ-NPs,Case 2,6.774455104423866,6.774455104423866
16.2,831.2155645381149,2.740113946310805,9.522723423727326,20.34454693389396,863.822948842047,KLZ-NPs,Case 2,6.885846654548725,6.885846654548725
16.400000000000002,830.8886768605915,2.739191010266691,9.521436899056695,20.67364407215461,863.8229488420695,KLZ-NPs,Case 2,6.9972333782677145,6.9972333782677145
16.6,830.5619786095106,2.7382582992742908,9.519993101588884,21.002718831731404,863.8229488421051,KLZ-NPs,Case 2,7.108612527662937,7.108612527662937
16.8,830.2354656116281,2.737316520919398,9.51840304307468,21.33176366648791,863.8229488421101,KLZ-NPs,Case 2,7.219981548657447,7.219981548657447
17.0,829.9091339987369,2.7363663317771003,9.516676918065276,21.660771593483908,863.8229488420632,KLZ-NPs,Case 2,7.3313380777945545,7.3313380777945545
17.2,829.5829801366784,2.735408347096065,9.51482429741236,21.989736060684677,863.8229488418715,KLZ-NPs,Case 2,7.442679897462507,7.442679897462507
17.400000000000002,829.257000675595,2.7344431331324595,9.512853993095495,22.318651039761715,863.8229488415847,KLZ-NPs,Case 2,7.554004967303966,7.554004967303966
17.6,828.9311924614599,2.733471223556234,9.510774292004944,22.647510864183047,863.822948841204,KLZ-NPs,Case 2,7.665311369415802,7.665311369415802
17.8,828.6055525810173,2.732493108842954,9.5085928411656,22.976310309787515,863.8229488408134,KLZ-NPs,Case 2,7.77659733562039,7.77659733562039
18.0,828.2800783002955,2.7315092491187896,9.506316808053606,23.30504448308692,863.8229488405548,KLZ-NPs,Case 2,7.887861209660189,7.887861209660189
18.2,827.9547670794576,2.730520071227816,9.503952841020505,23.63370884878136,863.8229488404872,KLZ-NPs,Case 2,7.999101456510615,7.999101456510615
18.4,827.6296165557478,2.729525971670557,9.50150711479706,23.96229919835935,863.8229488405748,KLZ-NPs,Case 2,8.110316651752395,8.110316651752395
18.6,827.3046245125853,2.728527321505947,9.498985414499089,24.290811592254386,863.8229488408447,KLZ-NPs,Case 2,8.221505461993793,8.221505461993793
18.8,826.9797889007574,2.7275244648481123,9.496393074977991,24.619242400582472,863.822948841166,KLZ-NPs,Case 2,8.332666658658683,8.332666658658683
19.0,826.6551077888373,2.726517725012484,9.493735117024537,24.94758821048146,863.8229488413559,KLZ-NPs,Case 2,8.443799086624495,8.443799086624495
19.200000000000003,826.3305793974508,2.7255073970247667,9.49101615891769,25.27584588812879,863.822948841522,KLZ-NPs,Case 2,8.554901685212823,8.554901685212823
19.4,826.0062020482427,2.724493760123129,9.48824054617499,25.60401248700793,863.8229488415487,KLZ-NPs,Case 2,8.665973457141147,8.665973457141147
19.6,825.6819741860495,2.723477072636256,9.48541229553029,25.9320852872184,863.8229488414345,KLZ-NPs,Case 2,8.777013481827767,8.777013481827767
19.8,825.3578943601714,2.7224575752958,9.482535144535987,26.260061761231256,863.8229488412344,KLZ-NPs,Case 2,8.88802090380135,8.88802090380135
20.0,825.033961211041,2.7214354926637485,9.479612587846072,26.587939549470715,863.8229488410215,KLZ-NPs,Case 2,8.998994924436243,8.998994924436243
20.200000000000003,824.7101734782079,2.7204110321101656,9.476647855175525,26.915716475317492,863.8229488408111,KLZ-NPs,Case 2,9.109934807030537,9.109934807030537
20.4,824.3865299749942,2.719384388728472,9.47364397927737,27.243390497728097,863.8229488407283,KLZ-NPs,Case 2,9.22083986076951,9.22083986076951
20.6,824.0630296040717,2.71835574142869,9.47060375449992,27.5709597406598,863.8229488406602,KLZ-NPs,Case 2,9.331709450684857,9.331709450684857
20.8,823.7396713302169,2.717325258605792,9.467529809345388,27.898422442408336,863.8229488405764,KLZ-NPs,Case 2,9.442542980507438,9.442542980507438
21.0,823.4164541931829,2.716293096445137,9.464424571289548,28.2257769795815,863.8229488404991,KLZ-NPs,Case 2,9.553339900781431,9.553339900781431
21.200000000000003,823.0933772932572,2.715259400806888,9.461290305919697,28.55302184044254,863.8229488404262,KLZ-NPs,Case 2,9.66409969984209,9.66409969984209
21.4,822.7704397892188,2.714224307011156,9.458129123217352,28.880155620867768,863.822948840315,KLZ-NPs,Case 2,9.774821902447552,9.774821902447552
21.6,822.4476408999113,2.7131879397654126,9.454942973409883,29.207177027068848,863.8229488401554,KLZ-NPs,Case 2,9.885506070700226,9.885506070700226
21.8,822.1249798840621,2.712150417630917,9.451733699087733,29.53408483914469,863.8229488399255,KLZ-NPs,Case 2,9.996151791710512,9.996151791710512
22.0,821.8024560571366,2.7111118495700954,9.448502990928295,29.860877942022903,863.8229488396579,KLZ-NPs,Case 2,10.10675868806929,10.10675868806929
22.200000000000003,821.4800687766445,2.710072337510099,9.44525242704852,30.18755529820848,863.8229488394118,KLZ-NPs,Case 2,10.217326408624409,10.217326408624409
22.4,821.1578174324462,2.7090319778895218,9.441983499228586,30.514115929693805,863.8229488392582,KLZ-NPs,Case 2,10.327854622357904,10.327854622357904
22.6,820.8357014687501,2.707990855517385,9.438697557946734,30.840558956865653,863.8229488390799,KLZ-NPs,Case 2,10.438343031554531,10.438343031554531
22.8,820.5137203531286,2.706949052314716,9.435395889474364,31.166883543962665,863.8229488388803,KLZ-NPs,Case 2,10.548791353341212,10.548791353341212
23.0,820.1918735861605,2.705906644180052,9.432079692536457,31.49308891575984,863.8229488386368,KLZ-NPs,Case 2,10.6591993253341,10.6591993253341
23.200000000000003,819.8701607098915,2.704863702945703,9.428750049296996,31.81917437631685,863.822948838451,KLZ-NPs,Case 2,10.769566711984167,10.769566711984167
23.4,819.5485812836718,2.7038202948510905,9.425408000599228,32.145139259183225,863.8229488383053,KLZ-NPs,Case 2,10.879893287723554,10.879893287723554
23.6,819.2271348966278,2.702776482024664,9.422054505922928,32.470982953629175,863.8229488382046,KLZ-NPs,Case 2,10.99017884584372,10.99017884584372
23.8,818.9058211676622,2.701732321011362,9.418690446444463,32.79670490295211,863.8229488380701,KLZ-NPs,Case 2,11.100423197922254,11.100423197922254
24.0,818.5846397333543,2.70068786602953,9.41531665465092,33.12230458382028,863.822948837855,KLZ-NPs,Case 2,11.210626166831481,11.210626166831481
